0.35706590229603668573687969001185,1.33529604080637875895831712114159
-0.21142396945902228178049142570671,-0.77426794349902383629569158074446
0.04735074023775173723826981131424,1.21169599134472139034812698810128
0.26949635515785408390598831829266,-0.24189496157422413213922141039802
-0.67091344286050080825134500628337,-0.41418500082480236290649600050529
0.20280629103766489862437083502300,-1.98776318883103875201356913748896
-0.52113589448369912471292764166719,-1.42037532160765178623762494680705
0.18742866161710480810143053531647,0.99151988709164151636343831341946
-0.52026741995646541560915920854313,-0.21297194073422903715098186694377
-0.43097581664115952593263614289754,0.33659242268870021019822047492198
-0.07622906075279399507049760131849,-0.61590087851035035804159178951522
-0.14697962695064459293092795633129,0.14144715719252395902394425775128
0.58964495240468961512192436202895,0.55509011377250749852407807338750
-0.65242426404720399446546252875123,0.31014436335813555523088780319085
0.08522960463189144242335260059917,-0.25166153876896063534829295349482
-0.55977028426487829282365282779210,0.04239062368917426854020291671077
0.74728627477807629819750445676618,1.16789770779363055730470932758180
-1.26310169327037669084745630243560,0.76181314685003687081632506306050
-0.48196755335898738836775123672851,0.36915593867114865345158136733517
-0.00316731745189732186857023421567,0.62187842084866240544016591229592
-0.39449024476383465209750056601479,0.48682469169908859640827358816750
0.25138734633331782930554254562594,-0.56904301169475213217907594298595
0.80423683554713276677716748963576,0.16900717462874087493318597807956
-0.69851907027271198380447003728477,0.78732565529910769619448274170281
-0.05616253773775266300294362054046,1.42297761275128276103885127668036
-0.03412487362926620165781699256513,0.03718412383587235692239403306303
0.80071965490580532254227819066728,1.05683732537621710712016920297174
0.93687703561174606736727810130105,-0.62815586936612799462409384432249
0.40297265596285064548354171165556,-1.76774954278420648456915387214394
0.17747122819091232237553867889801,-1.76356225281592760012472353992052
0.53453730104938357303723250879557,-0.36214465477009832872212768961617
-1.18900997118806528440870806662133,0.74942413358202053519363516898011
0.25121353857509526319446990783035,0.17495536922699059245722708055837
0.52655046771385494164263718630536,0.35158568075470114644431873784924
0.20524332244364118515989048319170,0.17990092796440329547813519184274
1.16615013771798170516547088482184,-1.23380477372349672826601363340160
-1.18866263783299475065291517239530,-0.38948612706629304192063045775285
0.18754077807152447210370382890687,-0.04557619126322691449626489657021
1.21139984485049367890496796462685,-1.09950023497410831474496717419242
-0.33820122082520331918686906647054,-0.04037805199033305675326843697803
0.58790420579872137984978053282248,-0.56166426801151936309963730309391
-0.24813256869905275792120846745092,-0.95859118185258529454273457304225
0.64355892131753444918018658427172,0.14848836377916421747080732984614
-2.30193813211222941816913589718752,0.23975497679441587495219323500351
-0.44965038742833485230221413075924,-0.55610859279176005909306468311115
0.06880584020714519688510790729197,1.10389029077038869353089012292912
-0.50193481953745111567855019529816,-1.75170968067066046280899627163308
0.91856056123669849178270396805601,1.67905438292099606911733644665219
-0.07217303577503914047142075105512,-0.33373848947224055150329036223411
-0.02751396511496613517255838132769,-0.68104606885130136717521054379176
0.06983761112171797680314710987659,0.07160106211905702122688666122485
1.13273633906791060255159209191334,-0.67329211949985690033315677283099
0.48991640179249218434165413782466,0.33674026913064070143377648491878
0.51773926596089836493774782866240,-0.04998615517989318107749951991536
-0.03149541533991815495108212985542,1.81821353275218178247030209604418
0.47057636448100609305456032416259,-0.56305841990798288776431945734657
-0.98415101930381876371711769024841,-0.43603524946030286502107742307999
-0.84001713251367060575347522899392,-0.50727675823184414927169427755871
-0.83119376748489293138533184901462,-0.20552574493010389300451379313017
0.38985188579397245245417025216739,0.89201495049609791365696764842141
0.69268835935783701351908803189872,0.61577256933442559017066741944291
0.30113706237708681712206271186005,1.06634388974206140154876720771426
-0.09451561624788297477639531507521,-0.27486106530995807473161107736814
0.68377183713327327474473804613808,-0.23464478801683635866837107641913
-0.19735738683927650516380936096539,-0.24562318489772919094527026118158
0.01890652934502186355292252528670,0.47315705342260133692278145645105
-1.28050448700097341259152017300949,-0.02215104772571392655056143894399
-0.31499354464200685077557295699080,-0.41834646890305465793957750975096
0.72133944511388115028438505760278,0.16046561115279905918029612621467
1.22045096854975487765671005035983,-0.01178597571462987499135710578457
0.23004436341800069132368378177489,-0.76780665485357013633205269798054
0.01507765585729403147452476474655,0.70909751707184254243543364282232
1.41248990528141393774319567455677,-0.24910486525125305479200221725478
-0.06573292836564985364145030644067,-1.48313778469342150145848790998571
-0.17180313592644436138101582400850,0.20616828743818060853953966216068
-0.21580712381394581700355672637670,1.75823293707348193848361006530467
0.24171350393932683475739509049163,1.14362332331769045445923893566942
-0.68777415741558833861546418120270,-0.46364103411551199629414554692630
1.74316208397953253950163343688473,0.09746792437327728153562134139065
-0.66015527556422581856310216608108,1.20024115785812401924204095848836
-0.74322250689468161155559755570721,-0.76609016865782564309483859688044
0.10772205913675020338970966804482,-0.49636274201017172025274248881033
-1.05474864773657905914205912267789,0.06223169412258539034965565406310
-1.08787088096031614448122581961798,-0.12696369110883132247380444823648
-0.75882643943011829357203623658279,0.40315969552591895963544743608509
3.19728211086204394675291950989049,-0.41138740859401440319587095473253
-0.45251014919019366677943594368116,-2.24596963305207752981118574098218
-0.17544565125297920116231864540168,-1.21983428222554457498461033537751
0.72382444818986235723912159301108,0.40053285215177469869018977988162
-0.96853985832683786583174878614955,0.62207712072632581623565783957019
-0.34991891571934319316028449975420,1.54706563870852042974490814231103
-0.26606853715369721546935011247115,1.15359037326798663514182408107445
-1.78925323613868947347782523138449,-1.38223926846797784406817299895920
-1.09326315464373569064093771885382,-0.04477190947082960309488797179256
1.98474156863637474224049128679326,1.57447129317276979243445111933397
-0.84777381768363790914833089118474,-0.81616102966510006844202962383861
-0.37776595705905890998366203348269,-0.74662517507957382179029082180932
0.25838236317183738144365179323358,-0.51258538575067824627495838285540
-1.24015505036276341144230173085816,0.21586022887525579960765753639862
0.15090757739552754235212717048853,0.33063916070890481124777693366923
1.04062094822676498573343906173250,-0.26130139936413665502357162040425
-0.23081563883121042346502349573711,-0.85703421366644527701339484337950
-0.13307224912012438622355148254428,-0.49388757336532845831911231471167
-0.54499509116841349243287595527363,-0.23922161638682368223207674873265
-1.26662265637454218847324227681383,0.96891393683207083231678780066432
0.65050334858794667258763411155087,0.06438216154856073181189657361756
0.14598766076083347087433139677159,-0.20211194638955576330374697135994
-0.04842653266976464088156006937425,-0.59392773666256060138834982353728
-0.53705410566696354379701006109826,-0.13072845848574715654777378404106
0.90536414415536503597081718908157,-0.76285898582480116125736913090805
0.92763405666314202591138382558711,-0.26632526359415259475937887145847
-0.22331074398738223751870179967227,0.64205302472665548574326521702460
0.70282696927472665393565876001958,-0.35671229375388951998715469926537
-0.86567595666976393520286592320190,-2.00531180966587552205737665644847
-0.25471997732258350177758643440029,0.33364135144563022983277278399328
-0.24886428244066607917694966545241,0.51807608314480124711565167672234
2.43205483794467225422408773738425,0.18459477301753368649883668695111
0.05747975993775306102762101545522,0.44543607329510082060153308702866
-0.31006092588260819598033890542865,-0.07287690787540958281542913255180
-1.30450488095795225085282709187595,0.92019766790710610937509272844181
0.33856144829638162851992433388659,0.10542807930105968505785085653770
-0.49020282190962949364632095239358,-0.15633058749284903243825795016164
-0.78250927905929257288875078302226,0.90985672331141032032064686063677
0.01017144138753278692632875390700,0.53884756775108999526935349422274
-0.30052247807761323095121497317450,-0.46044803620576352232163230837614
0.91394468284957219861297517127241,0.93690983571234309756903257948579
-1.06345067746037780231915803597076,-1.11166593021237791738542455277639
0.19574384916260298417078900001798,0.36528229891233232606850833690260
0.49545924507484456755790347415314,-0.65830178012482809535299566050526
-0.61886611171212047022294200360193,-0.06728431735310158590124274269328
1.41389391595075486485200144670671,-0.26093255701118300837748620324419
1.07063408228388712295497953164158,0.12608647600309977332422306517401
-1.30681753850587045739928271359531,0.52267790972046290765007370282547
0.03705918222673336426264967258248,0.54949635194320090025854597115540
-1.33830955293587994248127870378084,0.03494947384243881488563587822682
-0.29920742871096106529904545823229,0.13266172581060209356706991457031
-0.64432983058935489051322065279237,0.95838402715847070822974274051376
-0.22839632935932763224684549641097,-0.22357609526009888933906211150315
-0.16603895024644957367776498813328,-0.15176532278797391639635350202298
-0.25780236819870583353520032687811,0.30768094759482839117836761033686
1.24258976368075879648245063435752,0.09805812725724330491949842780741
0.67366983263153179528615055460250,-0.02871924796861603790265604629894
0.56105890331578656127220483540441,-0.39029146791638025248971644032281
0.22881791375838811397613881126745,0.88608836717179739750349654059391
1.79261849154894759017508931719931,-0.08125549606857800088999255194722
-0.66010968142128811919633335492108,0.10178623220987298436668311296671
-1.81067004666669162382675040134927,0.35423256775759837111650085716974
-0.70711397330519698556372532038949,-1.12359901717503229967576316994382
0.21642772557704598179739718943893,-0.11013535233757272557841844218274
0.93945765356308419402608933523879,-0.63134741232348301487320441083284
0.43096914889875714838041176335537,-0.22926966725973382810188638813997
-0.90229600661779285619701340692700,0.98715534677561600496176197339082
-0.02317332129702659448966528543679,-0.56920405939860707622557356444304
0.94408984305414156423807980900165,-0.60931558566734411730436704601743
1.00966354306289751718850311590359,-0.37744285785337616800916293868795
-1.06375221122664620487796582892770,1.11471699378808919433936353016179
0.82282224154777061642107582883909,1.24714506107835365611435918253846
0.01481654389621125250675603979289,-1.24620984662348699423262132768286
-0.65389747651382956750154562541866,-0.01211311079532382053991490522549
-0.11338527496411898720651834082673,-0.80513702298133582591077583856531
0.07004475757604941565936940151005,-1.02914814808450327809907776099863
0.10401356520346982659219747802126,0.27530537322786075016267659520963
-0.29163281706309479579530830051226,-0.45834970976486677507466538372682
0.47295384608573742823978136584628,-0.51607027114190795469284012142452
-0.36760977886730134001069814075890,-0.26087150013768833911598221675376
-0.00471544102602606922391981214560,0.47879725934090333616666157467989
0.00108405174532418446982362514319,-0.03225928938179025567967173060424
0.89219408219836093820731548476033,-0.79645389899500451669211997796083
0.19383461945879632004618997598300,-0.12184255233694696318735850582016
0.20651803780444116798165055115533,-1.52808923577095745471865484432783
0.12128757143930085637961724387424,-0.42781167147581200538297707680613
-0.93851653681487501312830090682837,0.05008736686505263491220318883279
0.79298873377404632822873509212513,-0.78483642694986399668266585649690
-1.14176619846536242519619008817244,0.11651641006965288149821446950227
-0.27347929789684582990716421591060,-0.54841829498147320887113664866774
-1.04011851698259905063537189562339,0.33757824014298409842638193367748
1.32387773253004303875002278800821,-0.05416038151077262607913098690915
1.07830108915424527360471529391361,-1.11856691101154193113131896097912
0.78141462626896063259351876695291,1.57265364740174629076818746398203
-0.23412138270302512710330233858258,-1.10508689347655808532522314635571
-0.44970179241494068200779565813718,-1.50195491566045724596278887474909
-0.19007978184798632326213407850446,-0.95402338216182469565751489426475
0.01357252337017108949346333446329,-0.13305728377127978845351208292414
1.17598903090770590118552263447782,0.96672209405905862311669807240833
-0.92547464998694839444226545310812,-0.21022984902155028574810557984165
-1.28246986376963478804213991679717,0.00087259673815570464299601338709
0.00634143761745871795132423187624,-0.62639683571622073454676637993543
-0.53240802461131719880427226598840,-0.69313903332476467511469309101813
-0.26996104839439322153893385802803,1.69371882422523900579847122571664
0.36347990412514308289360087655950,-0.32245254764038433492601143370848
0.23044005471266637563587664772058,0.48855521914626653945390444278019
0.59143891457675212830480404591071,0.34799920321314720128569319967937
-0.39773349397303497942957051236590,-0.20143372089077563047432306575502
-1.07538377058982392853181409009267,-0.97323944148072372151148101693252
-0.47271620384351842325543202605331,-0.75116184542668484880323376273736
-0.83595512849357889173518287861953,0.27531950875091437680453054781538
0.74934086943011601888997574860696,-0.60649890736625722276187389070401
0.35717688358957649930047750785889,-0.32117573770404617139462288832874
0.52919524142840568270429457697901,-1.02394244230097131165280188724864
0.70637285179207953689228816074319,0.20708822871946544474930362866871
5.83240766082977657447372621390969,4.43228973503887679896706686122343
5.77019048403892842458162704133429,5.23006356535832850340739241801202
3.91712197460150068906159503967501,3.83692623929922316250440417206846
7.07554935212208846451176214031875,4.80601977010724645822392631089315
5.25454073592546055948560024262406,5.32229664714197436836684573790990
6.19297570997483326493693311931565,5.42987632208725123916792654199526
2.63818674221095017529137294332031,5.22188040976928302683290894492529
3.48292534611982773640193045139313,6.32129306552390612949920978280716
6.90400494954402521585734575637616,4.51734518305123877723872283240780
3.07022861483434006402148952474818,4.61799934774592468755827212589793
5.30877472663776295291881979210302,5.57971538113212073284330472233705
3.55727655117597274525564898794983,3.82756924033953271901964399148710
3.77545985834424335791936755413190,5.38653921346096353772736620157957
6.48777312177315934604848735034466,4.21508718483253641551300461287610
5.72388978115053070894191478146240,4.94380299227586839094783499604091
4.76620711565431776080004055984318,5.87187895874994403300206613494083
5.00364322841928199636640783865005,3.93059033869859053567097362247296
2.88452882541713462316579352773260,5.91861576398632927009657578309998
4.48547329239186520766224930412136,4.87040415898921708048874279484153
3.74772772610771731649492721771821,4.50447769489876748139067785814404
4.10470284118654760163735772948712,5.66279798981180437777993574854918
4.79607406347885500963457161560655,5.02335940351347876031695705023594
5.72575923910054207510711421491578,4.26159847077140518933902058051899
5.45594055503693731168368685757741,3.59243520440060137843829579651356
4.34726766279324650099624705035239,4.40892126779902238098429734236561
6.87758829049284603485148181789555,4.78473735817435574801947950618342
5.07757972349353892127510334830731,4.04050548718213331511606156709604
5.93651486106672443554543860955164,5.17408746636209126990024742553942
6.46426970589830407476483742357232,4.17447568527559997875187036697753
5.41312716184263287289013533154503,3.07212215830443913233693820075132
6.00802500934936389853646687697619,4.96866429889861027646702495985664
4.73534074284949557664958774694242,4.55583210012715866810140141751617
6.50439170022208124066764867166057,5.61748475164762162137321865884587
5.67797584755811879375642092782073,5.80118245124501985543474802398123
6.25153512790992405001588849700056,4.09688703267701281873769403318875
6.56737379920271990840774378739297,5.51866905873898705436886302777566
3.86903050103814027949056253419258,5.04493158301474942106779053574428
5.64970181880070665414450559183024,4.91809156908988942547011902206577
6.68627233998650627455617723171599,5.86199627980776050151234812801704
5.70560292765121257474447702406906,6.54787949111970046800479394732974
4.68533430835252939772317404276691,4.60378010766233991546414472395554
4.21190170098213290117428186931647,4.98591608832876342916051726206206
3.00145892834951322214465108118020,3.05154080090755641663236019667238
6.29266186182196030074464943027124,3.80317967822196045801774744177237
6.00047516591258567331124140764587,4.78680064905068736180737687391229
4.56248082851728486986075949971564,6.04913488174269442509967120713554
4.87157024044262509931968452292494,4.99009709861167749522792291827500
4.93801537674899826413366099586710,5.72988349965371401850688926060684
5.20990952636535897823932828032412,5.12429447103437762933708654600196
7.98189569795077957792273082304746,5.77091955809280410250039494712837
5.76222183152372924297424106043763,2.67525852793308116517323469452094
5.62797876108320505039728232077323,5.60083939082748383242460477049462
2.52527258527918707642356821452267,5.30977311784216787771129020256922
5.77097392718492674390518004656769,4.23797198380994100119778522639535
4.38023775003119197890555369667709,4.93608303648431689936160182696767
5.39145699497828978508096042787656,4.53416795136439709779097029240802
5.52314886496541390670245164074004,5.83977789126195734326074671116658
5.54808214880884875697120151016861,4.68511164848473082855662141810171
5.34659147635102893758585196337663,5.22083250229451589774498643237166
5.02936267837925488066730395075865,4.25540964509446961727689995313995
6.11465752731681622123005581670441,3.60070978646693129476830108615104
5.49771489705428795247144080349244,4.69406774035338081318968761479482
4.48294034712100941675316789769568,4.77833319231013309291711266268976
5.66782548997645108102005906403065,6.51161864976594273457521921955049
5.44412795112791592089251935249195,3.52940581672545494740234062192030
5.89662953816601120848872596980073,4.81909522805784806820383892045356
5.95654728871457805894351622555405,3.06194887804903137507039900810923
4.54818305435626957233807843294926,4.45860525425264864196606140467338
5.85686915096757676479910514899530,4.40244908056780204219649021979421
5.45228513921856450252789727528580,5.23850572709119433056912384927273
1.90366628808174320752755193097983,5.25186460732297355491482448996976
5.93459229722331738088314523338340,5.48504316799991009645509620895609
4.62003139085475034164574026362970,6.19665084290978995795740047469735
4.01888977563969262973841978237033,4.84907331639912975163042574422434
4.70840435797316114729937908123247,5.30648982541076374985777874826454
4.21348246567253426064780796878040,6.24294672620300072907184585346840
5.82912553724138415844890914740972,4.99438133035102360679502453422174
2.96065183240661067287646801560186,5.20464475309304663852572048199363
5.72421043394589812436379361315630,4.08024573391949552103596943197772
4.62317875878807438283502051490359,5.16508510888624616796960253850557
3.94096989145891907213581362157129,4.74079752332568027384240849642083
4.81567935748680309160363322007470,6.17616666314262818815450373222120
3.15367457613658519477439767797478,4.80632963491651921117409074213356
3.47621383290670760146667817025445,5.60051807122246803061216269270517
3.09831034048176245931927041965537,5.29049765353188217176239049877040
4.47500332047471882646050289622508,4.59517504235398366319031993043609
4.66255750200294105667353505850770,4.70382700809224463256441595149226
5.19377423917911329454000224359334,4.48880067145511407744606913183816
4.22225653287213198439076222712174,7.01085979991418017931437134393491
5.49334734965612625501307775266469,5.23766579430761591851251068874262
5.69483694691958053368807668448426,3.08535456761421933435940445633605
5.75408632192340885325165800168179,5.22050471483961064933509987895377
3.81375088446787513518643208954018,5.51550435434366459475086230668239
4.90814907205205308571294153807685,4.59526692439599582229448060388677
5.67593452345457905039438628591597,6.06201698256286025667805006378330
5.27355458390265585677525450591929,4.89236833868166698380264278966933
4.19518736579323192614765503094532,6.89287180030543034092715970473364
4.42114024865479837700377174769528,4.05065077881597002118496675393544
6.07267814214129941774444887414575,3.85600179212828564345727500040084
5.17716454486970789616862020920962,5.21610970623454406336350075434893
4.97899035303874359925657699932344,6.66177779712875217654755033436231
3.76924821516965735668236447963864,4.41719871720601986453402787446976
5.32760234398707055447630409616977,6.15404059378002799007845169398934
5.82770871186901295857296645408496,4.28715245123227362000761786475778
3.62788441819613627359331076149829,4.49824902158594852608075598254800
4.00044555505358179203767576836981,7.14023908238847937468563031870872
5.13992792970915779449114779708907,6.41331181168426933680848378571682
5.44263174362629520430800766916946,5.63573019120409490767542592948303
4.28882179034175425869079845142551,4.55348333649332204231541254557669
4.59971624719089344779376915539615,6.00468808274024201665497457724996
2.81403272256404557438713709416334,6.54222063631562278374076413456351
5.01334285178272320848691379069351,5.50060162037791400280184461735189
5.36984996202477038451661428553052,6.51479425342368756446376210078597
6.62531533601918631859462038846686,4.91297419368321275356947808177210
5.03589430398600157445798686239868,5.22162678735672347585250463453121
4.54249813126609769398100979742594,5.59589178239467432973697214038111
5.83933317943296437135813903296366,4.22652552382528767793701263144612
3.81262482411743341970122855855152,4.49886537282133502912984113208950
5.27507577936971028265134009416215,4.50373508991358306730035110376775
5.05765719887389586517656425712630,4.87451486226042085547760507324710
4.97098219877245917075470060808584,3.11704723137294337220737361349165
4.72149469527293952353375061647967,5.03573512512056264966986418585293
3.68459419948272515199505505734123,6.02494459587370823072660641628318
5.99382788993682247280503361253068,5.08676938824234348146546835778281
6.17974919699137359430096694268286,6.34038372063622901464441383723170
3.03720558820871389116291538812220,4.80004788141189919770113192498684
4.93286672654943814109174127224833,5.26781648311610783963487847358920
6.33851981033891664907287122332491,4.25510882165215598149643483338878
5.85665354832750306712796373176388,4.64876280586283918694334715837613
2.72216375318016368112239433685318,4.25196554520162539603234108653851
4.50199185434689486129400393110700,4.24254454577799222647627175319940
3.67163562272276600140230584656820,4.82129063922515488371800529421307
5.61182183803277112588148156646639,4.88777168004909068343977196491323
4.03030519269177123220515568391420,5.22177811536039548911958263488486
5.50456628786561807942234736401588,4.27372536550160919688323701848276
6.09230910186312168974609448923729,4.92812591174443515029679474537261
4.02755430606696762652063625864685,4.84723913511069603998748789308593
5.80292864697264931805875676218420,4.75803984316844275070934600080363
3.96113483563995938396828933036886,5.11287495631245469951409177156165
4.74843078906213911238864966435358,5.14513683337971805542565562063828
5.16151299750221337347966255038045,3.84916949614393733014594545238651
5.84003980751640483504161238670349,3.65751139130005409327850429690443
3.82896722637712638714901913772337,5.13937937893031460134807275608182
6.02969484927079513170156133128330,5.91387049005063669682158433715813
4.43889609135709051201956754084677,3.59775457930109654469674751453567
4.18892111382992737844688235782087,4.36427627380702709558590868255123
5.86963804991045812187167030060664,2.77455464745815749694202168029733
5.04036768674047053195863554719836,5.97786245648008751629731705179438
5.37178102783171951273288868833333,5.78006632147027321622090312303044
3.62732595274038516208747751079500,5.21435157499332113673062849557027
5.71656349015458520312904511229135,3.81405393053302077532862313091755
3.98710023562068016644843737594783,2.89311496629068498620540594856720
4.64280571936074526462334688403644,5.56973560721146920826640780433081
3.50323351898636570211920115980320,4.86513440031420074660672980826348
4.90194362196129684861034547793679,5.29923262712641651717149215983227
6.58326250605196161558296807925217,4.12382298690189763590296934125945
5.50692585002596146637188212480396,4.67111670707279724723548497422598
5.56943311165840793108827710966580,4.19180187488329902834038875880651
5.07182770282494388425220677163452,5.70197713225773128442597226239741
5.09065206134858971864787235972472,4.86161486336834336441370396642014
4.56991057868521188822796830208972,4.10430248970336197800179434125312
5.73835123907514343954971991479397,5.77425565641411520090287012862973
5.52909926304688603693193726940081,5.13431761421694510261204413836822
4.61491185003897275151985013508238,5.93189710631817312957991816801950
4.68911437197427627410206696367823,5.97095677175142469650381826795638
3.79197167509213217684305163857061,5.24384065423277423434456068207510
5.36209975025922958025148545857519,3.73827706380083046866502627381124
5.09478875444933976268657715991139,3.65571695871581647807602166722063
3.43272726073577905125944198516663,3.62726452681982358683399070287123
5.44837807667879125972376641584560,6.68450348410052619385623984271660
5.48273915034557735026510272291489,5.11205349748850590430038209888153
7.03721168391330387237303511938080,4.47881367421500709014026142540388
5.29481895300714366925376452854834,3.89753808421390957050789438653737
2.90649390829084497411827214818913,5.42594226029063442240385484183207
4.36622654396142806376701628323644,2.90088456326109644933808340283576
5.49040535150331443503546324791387,3.58666502019020150271444435929880
4.87220880542548506753064430085942,4.31444568103731906916209482005797
3.90204232233490744263804117508698,6.22860400836604455321321438532323
4.95969529349938387241536474903114,5.17754647042339932738741481443867
4.54721755678376826637077101622708,4.69175544010190481714062116225250
3.65051838034356457285412034252658,6.36283254110362950228818590403534
5.90691801458885379361163359135389,6.99048554577095249129570220247842
6.70375568918722741784677054965869,3.80442425930080307949765483499505
4.55682343338618522921024123206735,5.59928348616626347933333818218671
5.59502766671478735105438317987137,6.41977110802524286725656565977260
5.96682213543320560944493990973569,5.10734724411821972012148762587458
3.79353634999794886439872243499849,5.13442929584334883941210136981681
5.37049630838465752447064005536959,6.44570547963194684371046605519950
6.50145334723015189126726909307763,6.03412274875918441807698400225490
5.56966351398234227332295631640591,5.47152751946014603845469537191093
3.94677215106583823001074051717296,4.27015249595021728623578383121639
3.45513055608790020656329033954535,5.42538975183258287415810627862811
6.72029776761518071737100399332121,5.21785411289136469292770925676450
5.54845460158294301322712271939963,6.06369166437182904871860955609009
2.12570570280583615030423061398324,5.42275632724862521882869259570725
2.82943333276084407756911787146237,6.52440984313857619270038412651047
5.18850598804918661244300892576575,4.88224651299575640450711944140494
5.35260188507525391798935743281618,4.37607103507647998696938884677365
4.39682067167696555287648152443580,6.06858882849715275398239100468345
4.67818340908193963656458436162211,4.58504747782477384276944576413371
3.23979413283828421299403999000788,5.87599242274912203498615781427361
5.82923179025249105222883372334763,5.37700300739817649287033418659121
3.32018601477897012941298271471169,3.26110639841168037378338340204209
3.81796421276327535565542348194867,4.01568056745512791394503437913954
5.07202550911167637792686946340837,5.41047159818332179526123582036234
4.99839581855600023629904171684757,4.73404913478715094754534220555797
4.52437986032502159616797143826261,5.64671307243545861354050430236384
6.23493539878285218946984969079494,3.89617923508813746025225555058569
4.83804620112638961160200778977014,5.77318856916290723546580920810811
4.66265545631125633008196018636227,4.97477419303422241370071787969209
5.38179352637352614863175404025242,4.69515733189971395944439791492186
4.24114941917085630507244786713272,3.91263532837925209761920086748432
6.01811186177122969809261121554300,5.40070737987950533209868808626197
4.69240922398191084852214771672152,5.21833960643928218559040033142082
6.58632489347459681994223501533270,6.39465670398187757683672316488810
4.91803191096127712000907195033506,7.04624606045398316211958444910124
7.78033608898658890495880768867210,3.66515634071408458183327638835181
5.23972536988348025488448911346495,4.32865585222131077358653783448972
4.31658864291432120552371998201124,5.88058197318230480021838957327418
4.36809250993817954622500110417604,4.46974744999187922900318881147541
5.65706272454145775441247678827494,2.58198119513029666904913028702140
3.99601967341185648763257631799206,4.39319098755337034134527129936032
5.49479398274688257686193537665531,5.01742107864339281775301060406491
7.15575924642266159025894012302160,5.54764478145390782515278260689229
4.70557575631900260049178541521542,6.16126982182171101243284283555113
6.50866466353096218000473527354188,7.37773636678069699712523288326338
4.28568783760876481636614698800258,6.16077145334042874935676081804559
5.79556867135214748287808106397279,6.87735667986173382359993411228061
5.66009375539754433503958352957852,3.88387210376912195286536189087201
5.57589957698802862751108477823436,5.29573462318968335438285066629760
4.92834800190281274723247406654991,4.52506195528254373527943243971094
6.08877862764839061782140561263077,6.40787348017129954058646035264246
3.43697826654099980459022845025174,6.37213503234425626686743271420710
5.70718598621117045865958061767742,4.96778840488330075686462805606425
3.98673719953350591538310254691169,4.03768885249177689189536977210082
4.13915155427569825263844904839061,4.95521096922169945742098207119852
4.71067359656557904656892787897959,3.33882227886610793987642864522059
4.89944857277663370354048311128281,4.54248837970903895921992443618365
5.41623887571472462099109179689549,6.09992211452192201193156506633386
4.40112717162183653130114180385135,3.71758610613427187274737661937252
4.26118182503098452684753283392638,4.85831132712972735276935054571368
4.69757087763383207601464164326899,3.17339971681366339595342651591636
6.79666825928166584702694308361970,6.30894432923703440962981403572485
5.31023541469970616901719040470198,4.05574514707290756376778517733328
5.54772295665790693419694434851408,4.70455161217064521395059273345396
3.71937239845522116254983302496839,4.56529882574985457210914319148287
4.49389153521843187633066918351687,4.19622757651552014124263223493472
4.84617687005419828238927948405035,3.72887066566559166602701225201599
4.73378921410904140998354705516249,6.25345580527577471485756177571602
3.94656598761816113096756453160197,3.91561445125307372450151888187975
5.00676661725751070974865797325037,4.03736024083612843327273367322050
4.95267195694112949411191948456690,4.96402770577619545377956455922686
4.56898011181895036258993059163913,4.86657128463438404253338376292959
4.13446654903659993607334399712272,3.60324798210240615503607841674238
5.28354597493817390585491011734121,5.30592568674816877916100565926172
7.96902987795659356606847723014653,5.11621003351372660716833706828766
4.47074441619335072317653612117283,4.69531440940600397482285188743845
5.61281319665059008627849834738299,3.98445171837411615811674892029259
3.85268287350178173511494605918415,5.75881738082226757313719645026140
5.84408389290908836244398116832599,4.22705216101826675156871715444140
7.16954633455928824758984774234705,4.15417608508212055085095926187932
4.94216683286317692846978388843127,6.95190720172125509179750224575400
5.11631218891963701622671578661539,5.78797332347370918625983904348686
5.76511771373868153744979281327687,5.36939651792461525303679081844166
5.42757037007138443129861116176471,4.65190293986355829503054337692447
4.34868832542592542722559301182628,5.27009017221621522963914685533382
4.79180667890918954299195320345461,4.30524082530772922439155081519857
4.10087356184163898120687008486129,5.31306989537538676415806548902765
4.32554477410254722968829810270108,5.38083673986261867838720718282275
3.90859092085254644644010113552213,5.24689182554771882394106796709821
7.14918209971368501243205173523165,6.47543499853937731813857681117952
4.38758877388240531303154057241045,4.73389279174479327139124507084489
3.24239454472148747044002448092215,4.43591310822447848494221034343354
4.77681527741942080211856591631658,5.99469396341583227183491544565186
4.99674990441296440479845841764472,6.07008332205831191430434046196751
4.79959295768411298155342592508532,5.12401845324537497106121008982882
6.33538050755311488160259614232928,6.05888773914918754570635428535752
5.80688745781469251028283906634897,4.40485829039855847355511286878027
5.14205944078702081867504602996632,5.84405670584685399404634154052474
4.66245249348386181509340531192720,5.05366682075188400347087736008689
4.50236864027597682991199690150097,4.17411510991702972006578420405276
5.79766460798387139874421336571686,6.01346505611556825243724233587272
5.77605370609072110710258129984140,4.51342873970031810415548534365371
4.91589320048321454237338912207633,6.46308728967570456092062158859335
5.42705531813966057796960740233772,5.93525333576176983285677124513313
5.25198583732023127623733671498485,4.02886239799024181706954550463706
5.25408201742042191284554064623080,4.69231520960505221751191129442304
4.10960910682926261472402984509245,4.57591521241716048251646498101763
5.37589341006067567008130936301313,5.59825139715354946901015864568762
4.37373736145263869445898308185861,4.54267135961224255424895090982318
8.07034309692931195456822024425492,4.06939220385687594472301498171873
6.38227743255546897671592887490988,5.13612133646561908051353384507820
5.94438956733978240976057350053452,6.82158954347998758294124854728580
4.98948353300948799216030238312669,6.20295564902907425874900582130067
4.67534345754705782383098267018795,6.08574600986819369552449643379077
4.78857435276764764608969926484860,5.07546085689453807532345308572985
4.95520563942299219206688576377928,5.11745525453592886577780518564396
5.24531413746278829535185650456697,4.96343722022236022439756197854877
2.87606969161750614105699241918046,6.54752814242403058386798875289969
4.57274067744314027805785372038372,6.66362528979825619046550855273381
10.88137744943873386205268616322428,-0.84855804228921194454215992664103
10.77342985933537633513878972735256,-0.17334164634319909614745824910642
10.37281546654765129744646401377395,-0.19380448692162494106483450195810
11.15093765387598523375345394015312,0.40213950340309534414728886986268
9.87586919485137393337481626076624,-1.24600422515344311236162866407540
10.06032840789012539062241557985544,-0.44363124427327327303771653532749
10.07605389349016711264539480907843,-0.34697553939084146978899525493034
10.09575845855298226183549559209496,0.42390795943699760561784728452039
9.88921462566194442445066670188680,-0.09753782089478589545361586488070
10.86199839538965861152064462658018,-0.20950139579440327231019125520106
10.84832549907618215456750476732850,0.08942689937108358466666402364353
10.51009263380101543816635967232287,-0.22985543474619693493643524107028
10.00538015685041948188427340937778,-0.53540287943460551645102896145545
10.17419983999895727322382299462333,-0.34590856663899371969961293871165
10.40732804494679974993687210371718,0.58247536597076610132006635467405
10.81200218328262074862777808448300,-0.00916999914673821692190358589869
10.13865098500523309610343858366832,-0.14561079304590532346175280054013
10.80355969916148417553358740406111,0.02127770756375262084514332627805
9.90505396402469884264974098186940,-0.82349926006586016136168382217875
9.90164552326074165478075883584097,0.04003875506555439056644019046871
9.60802258418503463133220066083595,-0.25076804413526160297820410960412
10.58125965144471081202937057241797,-0.14432110090725208673134716264030
9.57357603756268460415412846487015,-0.28957495723331666548361340574047
10.18416372821807591719789343187585,1.03420101700116351395308811333962
11.43545480792522184287918207701296,0.29713168699368985858910718889092
10.37938764539822855681450164411217,0.20998368564475614062025954353885
10.61548533750102940587112243520096,-0.14947615888282575480339176010602
10.49944629318172850673818174982443,0.89621925988317829858686991428840
10.97812269860617107042344287037849,1.23582673460862357828204949328210
9.99868188211556407907210086705163,-0.48050669566946863087153474225488
10.13238768977257642234235390787944,-0.39110629984629802224915806618810
9.77234412554744658052641170797870,0.30334165639909427270026753831189
9.77201223295421250725212303223088,-0.33458285648919539045920146236313
10.62495026921228458149926154874265,0.62375415063326267173238193208817
9.98199572961828529571448598289862,0.70476958480561335829150948484312
9.53657396393670353518245974555612,-0.36703641784419399618499824100581
9.95521518860480192358863860135898,-0.16828908729323910353770088477177
9.04410078643625148231421917444095,0.59663193935524427846672779196524
10.41634237691090625332890340359882,0.13058823300892896668301546014845
10.60159669286789529962788947159424,-0.99475782888509489687578479788499
9.65390383191424561459825781639665,-0.48303904932237951008744403225137
10.49032036336214623872820084216073,-0.21802035738605093917463761954423
10.44192976366877978477987198857591,0.04648472225803020746459637280168
10.60371945845530383678578800754622,-0.40499832452607159583024554194708
9.96712774589966343796731962356716,0.20156265550015156629015677935968
10.26845864752184844803650776157156,0.39280611363299366978196758282138
10.29040469870097851412538147997111,-0.11401631352883385972507568340006
10.47704614671070189046986342873424,0.10391065649004115056808217332218
9.74369725499806804691615980118513,0.60453754769514156386378544993931
10.36171039168143614972450450295582,0.00241327393894634912446806040975
9.79050642695335326948224974330515,0.44634714038901829313843450108834
9.72178556054038267575378995388746,0.53393088337720373548478391967365
8.73682767895992817841488431440666,0.40837882451078200141125762456795
10.36470373582685944313652726123109,-0.07759811509094215187243293030406
9.99097055897135177815471251960844,0.17223907795272350162996133349225
10.13282177361019975592171249445528,-0.18716049923362129692172572958953
10.28310519276892875950579764321446,0.10110544287184421163861003378770
9.84843938616867475843719148542732,0.53679446762176885599160414130893
9.15353637350670901184912509052083,0.71383188148080423118813087057788
9.86991192974509345958722406066954,-0.07276089568659828421548496635296
9.10974563688637672953518631402403,0.07244781654293344641537544248422
9.91759475869170259443308168556541,0.32928080881831761628220078819140
9.25311787783889805325543420622125,0.05515106451073573112786618821701
9.22078046590908151358689792687073,-0.22641693226123094095925125657232
10.21974328328878911520405381452292,-0.22880551149031430613334237023082
9.96887166947722569432244199560955,-0.07527083423486896629484022014367
9.89750325274983921985949564259499,1.35068386834494758019786786462646
9.54962678446728041592450608732179,-1.14413004243825811023782534903148
10.03371174856696690369517455110326,0.17686498123438068597046424201835
9.57111230459476480803004960762337,0.17512493556900066149495387435309
9.57544405671503007226874615298584,-0.21120961566996374059179686355492
10.26379779304472705803163989912719,-0.03193049497958778959461056956570
10.39754074168118691545714682433754,0.39522339427644959108931743685389
10.23155725117280745450898393755779,-0.66663753304457129544857707514893
11.26670755757649367012618313310668,0.54331667294754115715704756439663
10.06179851846676598370322608388960,0.28640255498343714091191714032902
9.28871537855426154806082195136696,-0.14202706421055130703301472294697
9.69751727238318750323742278851569,0.64877994725871568348907203471754
10.00124346404386344033810019027442,-0.27323787262320964330797323782463
10.67283517382480795276933349668980,0.66249623045910266405655875132652
9.52972468359571323048839985858649,0.21211565278432958914223149804457
9.25754249138412887987215071916580,-0.38051546418223619605569751911389
10.80238729093908922607170097762719,-0.07501278116817158836404644262075
9.98066061165635254326389258494601,-0.00764324138004997613582425231016
10.23968143346216308486873458605260,0.24860445971670033782352504658775
9.55469014421318263430293882265687,-0.96107583177920052897036384820240
10.67401529896355860671519621973857,0.39696263581475094150974314288760
10.11065136985627788135388982482255,0.34004542814068733358467966354510
9.27016863516546152368391631171107,-0.94316438865750185094327662227442
9.63902152136505740998018154641613,0.26639154772289569406140685714490
10.41784716214256789612591092009097,-0.41295651570767555327279296761844
9.82287167410401984568579791812226,0.21956998785253770134495709953626
10.08506853344489151425023010233417,-0.25953968240358432639780517092731
9.95081430540318478961125947535038,0.88304469388788753292374167358503
9.77495861934739096454904938582331,0.18242616761389254809166970972001
9.75723483994443796518680755980313,-0.15775309934816386658873454962304
10.63767001167193271271571575198323,0.84448967996159884918938587361481
8.73086564171419787783179344842210,-0.65708759208633293891210769288591
10.64898233071630606616508885053918,-0.06215366514327158586894483960350
10.57416503583909950236829899949953,0.14328413170660986297733074934513
9.97009288534342452692271763226017,0.27748766755095205516212786278629
10.02777391492393199712296336656436,-0.29040383509265282890865478293563
9.66795263286867800900381553219631,0.31366908013887889739024217305996
9.88761860108833445792697602882981,0.26493812433890795432489539962262
10.87665333022956914987844356801361,-0.40551781335058761923662018489267
10.44423126941171986459266918245703,0.26464420201058758141954285747488
10.44918297724684563831942796241492,-0.55575466337648005143989848875208
9.95346561170595123257953673601151,0.73742471307018109261122162934043
10.08335547129495957108247239375487,0.03398802175348382414998837930398
10.66428715194307308422594360308722,-0.02432393036225231203184549144680
10.56214961714029421102623018668965,0.09866535751864173586778150593091
9.77582277950225808638151647755876,-0.13382500091522064877835873630829
10.75276015215923486323390534380451,-0.12535879396673782482096726198506
9.71876751592789567268937389599159,-0.36786931432645353368116047931835
9.12750190077325740389824204612523,-0.19699000950402720255816291228257
9.99941402492156328207784099504352,-0.16144926693604927381286984200415
9.52413729629460981129795982269570,-0.36671553073788343279915125094703
9.73919874484398206959667732007802,-0.37845491971358952154602661721583
10.07553576073086354369934269925579,0.00720254921785385467808415782542
10.19083443309356162842505000298843,-0.75952042943312403355804462989909
10.98091199845795529199676821008325,-0.26036331810695156896429125481518
9.80812817515150214831010089255869,-0.23357723170969429959953345132817
10.78957038873791418609471293166280,0.07416964509921263049019302115994
10.61956480732549223944261029828340,0.26849871794680268966004632602562
8.63045053995392663637176156044006,0.76322112886139137355456796285580
9.66256050317632819712798664113507,-0.10637344593320274821479642923805
9.30894946240177922902603313559666,-0.16066922087202090141389021482610
9.51580437176797921949855663115159,-0.27038835572442848631524725533382
10.27764280989362255525065847905353,0.32983241116822342720027450013731
11.25094465454107606205980118829757,0.15534775772025308238077911937580
10.06856069561349187324594822712243,0.41419235351099192854462671675719
10.67951452168169446110823628259823,0.09237493490831209796976253301182
10.51770671110445576346137386281043,-0.67319261694422904973578170029214
9.58238037892517091620447899913415,0.29272465166734279451432598762040
9.90337591980955167514366621617228,-0.34675260722330097928889358627202
9.18357340920655218496904126368463,-0.14083916065120730132242954368849
11.30805728309965729749819729477167,-0.51028870075155230434660325045115
9.22654648198851390361596713773906,0.68955946384309407815038639455452
9.22579102283489760338852647691965,-0.25918613594978406888813537989336
10.56083017426773729141586954938248,0.16656917719224961782487071104697
10.16397018313377920151197031373158,0.69580774343903295520163965193206
9.55451688516698105502200633054599,0.08737251031907004861221111013947
10.02934159480467357639099645894021,0.30842116729234986260976825178659
9.68052529742793055334004748146981,-0.51491364898694325091810242156498
9.94902350734403739807021338492632,-0.76546336403279147120315428765025
9.41418092016486163231547834584489,-0.40588170691958602720461612989311
10.19152686141146979537097649881616,-0.37567153288856797166417322841880
9.34498074122844180067204433726147,-0.45995130285705032591181407042313
9.68231107320216821676694962661713,-0.39003881559981190552122143344604
10.47552937262300787324420525692403,-0.68681461288347667171194643742638
